"species","delta_loglik"
"chinook",23.6399107631314
"chum",211.815497355468
"coho",-112.697049496516
"pink",63.3771805206206
"sockeye",178.897230085848
